Category_number,accuracy
17,1.0
20,0.6666666666666666
26,0.5
27,0.8333333333333334
31,0.5283018867924528
