Category_number,accuracy
17,0.2727272727272727
20,0.0
26,0.0
27,0.5
31,0.1320754716981132
