Category_number,accuracy
17,0.9090909090909091
20,0.6666666666666666
26,0.16666666666666666
27,0.5
31,0.41509433962264153
