Category_number,accuracy
17,0.5454545454545454
20,0.3333333333333333
26,0.5
27,1.0
31,0.6037735849056604
